100,Steven,King,sking@igti.com.br
101,Neena,Kochhar,nkochhar@igti.com.br
102,Lex,De Haan,ldehaan@igti.com.br
103,Alexander,Hunold,ahunold@igti.com.br
104,Bruce,Ernst,bernst@igti.com.br
105,David,Austin,daustin@igti.com.br
106,Valli,Pataballa,vpatabal@igti.com.br
107,Diana,Lorentz,dlorentz@igti.com.br
108,Nancy,Greenberg,ngreenbe@igti.com.br
109,Daniel,Faviet,dfaviet@igti.com.br
110,John,Chen,jchen@igti.com.br
111,Ismael,Sciarra,isciarra@igti.com.br
112,Jose Manuel,Urman,jmurman@igti.com.br
113,Luis,Popp,lpopp@igti.com.br
114,Den,Raphaely,drapheal@igti.com.br
115,Alexander,Khoo,akhoo@igti.com.br
116,Shelli,Baida,sbaida@igti.com.br
117,Sigal,Tobias,stobias@igti.com.br
118,Guy,Himuro,ghimuro@igti.com.br
119,Karen,Colmenares,kcolmena@igti.com.br
120,Matthew,Weiss,mweiss@igti.com.br
121,Adam,Fripp,afripp@igti.com.br
122,Payam,Kaufling,pkauflin@igti.com.br
123,Shanta,Vollman,svollman@igti.com.br
124,Kevin,Mourgos,kmourgos@igti.com.br
125,Julia,Nayer,jnayer@igti.com.br
126,Irene,Mikkilineni,imikkili@igti.com.br
127,James,Landry,jlandry@igti.com.br
128,Steven,Markle,smarkle@igti.com.br
129,Laura,Bissot,lbissot@igti.com.br
130,Mozhe,Atkinson,matkinso@igti.com.br
131,James,Marlow,jamrlow@igti.com.br
132,TJ,Olson,tjolson@igti.com.br
133,Jason,Mallin,jmallin@igti.com.br
134,Michael,Rogers,mrogers@igti.com.br
135,Ki,Gee,kgee@igti.com.br
136,Hazel,Philtanker,hphiltan@igti.com.br
137,Renske,Ladwig,rladwig@igti.com.br
138,Stephen,Stiles,sstiles@igti.com.br
139,John,Seo,jseo@igti.com.br
140,Joshua,Patel,jpatel@igti.com.br
141,Trenna,Rajs,trajs@igti.com.br
142,Curtis,Davies,cdavies@igti.com.br
143,Randall,Matos,rmatos@igti.com.br
144,Peter,Vargas,pvargas@igti.com.br
145,John,Russell,jrussel@igti.com.br
146,Karen,Partners,kpartner@igti.com.br
147,Alberto,Errazuriz,aerrazur@igti.com.br
148,Gerald,Cambrault,gcambrau@igti.com.br
149,Eleni,Zlotkey,ezlotkey@igti.com.br
150,Peter,Tucker,ptucker@igti.com.br
151,David,Bernstein,dbernste@igti.com.br
152,Peter,Hall,phall@igti.com.br
153,Christopher,Olsen,colsen@igti.com.br
154,Nanette,Cambrault,ncambrau@igti.com.br
155,Oliver,Tuvault,otuvault@igti.com.br
156,Janette,King,jking@igti.com.br
157,Patrick,Sully,psully@igti.com.br
158,Allan,McEwen,amcewen@igti.com.br
159,Lindsey,Smith,lsmith@igti.com.br
160,Louise,Doran,ldoran@igti.com.br
161,Sarath,Sewall,ssewall@igti.com.br
162,Clara,Vishney,cvishney@igti.com.br
163,Danielle,Greene,dgreene@igti.com.br
164,Mattea,Marvins,mmarvins@igti.com.br
165,David,Lee,dlee@igti.com.br
166,Sundar,Ande,sande@igti.com.br
167,Amit,Banda,abanda@igti.com.br
168,Lisa,Ozer,lozer@igti.com.br
169,Harrison,Bloom,hbloom@igti.com.br
170,Tayler,Fox,tfox@igti.com.br
171,William,Smith,wsmith@igti.com.br
172,Elizabeth,Bates,ebates@igti.com.br
173,Sundita,Kumar,skumar@igti.com.br
174,Ellen,Abel,eabel@igti.com.br
175,Alyssa,Hutton,ahutton@igti.com.br
176,Jonathon,Taylor,jtaylor@igti.com.br
177,Jack,Livingston,jlivings@igti.com.br
178,Kimberely,Grant,kgrant@igti.com.br
179,Charles,Johnson,cjohnson@igti.com.br
180,Winston,Taylor,wtaylor@igti.com.br
181,Jean,Fleaur,jfleaur@igti.com.br
182,Martha,Sullivan,msulliva@igti.com.br
183,Girard,Geoni,ggeoni@igti.com.br
184,Nandita,Sarchand,nsarchan@igti.com.br
185,Alexis,Bull,abull@igti.com.br
186,Julia,Dellinger,jdelling@igti.com.br
187,Anthony,Cabrio,acabrio@igti.com.br
188,Kelly,Chung,kchung@igti.com.br
189,Jennifer,Dilly,jdilly@igti.com.br
190,Timothy,Gates,tgates@igti.com.br
191,Randall,Perkins,rperkins@igti.com.br
192,Sarah,Bell,sbell@igti.com.br
193,Britney,Everett,beverett@igti.com.br
194,Samuel,McCain,smccain@igti.com.br
195,Vance,Jones,vjones@igti.com.br
196,Alana,Walsh,awalsh@igti.com.br
197,Kevin,Feeney,kfeeney@igti.com.br
198,Donald,OConnell,doconnel@igti.com.br
199,Douglas,Grant,dgrant@igti.com.br
200,Jennifer,Whalen,jwhalen@igti.com.br
201,Michael,Hartstein,mhartste@igti.com.br
202,Pat,Fay,pfay@igti.com.br
203,Susan,Mavris,smavris@igti.com.br
204,Hermann,Baer,hbaer@igti.com.br
205,Shelley,Higgins,shiggins@igti.com.br
206,William,Gietz,wgietz@igti.com.br